{"cameraMode":{"drawMode":0,"name":"Shaded","section":"Shading Mode"},"sceneLighting":false,"audioPlay":false,"sceneViewState":{"m_AlwaysRefresh":false,"showFog":true,"showSkybox":true,"showFlares":true,"showImageEffects":true,"showParticleSystems":true,"showVisualEffectGraphs":true,"m_FxEnabled":true},"in2DMode":false,"pivot":{"x":0.31912750005722048,"y":0.06287113577127457,"z":0.136407271027565},"rotation":{"x":0.26291871070861819,"y":-0.23830117285251618,"z":0.06718768179416657,"w":0.9325234293937683},"size":6.288189888000488,"orthographic":false}