{"cameraMode":{"drawMode":0,"name":"Shaded","section":"Shading Mode"},"sceneLighting":false,"audioPlay":false,"sceneViewState":{"m_AlwaysRefresh":false,"showFog":true,"showSkybox":true,"showFlares":true,"showImageEffects":true,"showParticleSystems":true,"showVisualEffectGraphs":true,"m_FxEnabled":true},"in2DMode":false,"pivot":{"x":-8.560688972473145,"y":-0.897247314453125,"z":-1.2484197616577149},"rotation":{"x":0.05528129264712334,"y":-0.9446176290512085,"z":0.23598448932170869,"w":0.22128140926361085},"size":11.960519790649414,"orthographic":false}