{"cameraMode":{"drawMode":0,"name":"Shaded","section":"Shading Mode"},"sceneLighting":false,"audioPlay":false,"sceneViewState":{"m_AlwaysRefresh":false,"showFog":true,"showSkybox":true,"showFlares":true,"showImageEffects":true,"showParticleSystems":true,"showVisualEffectGraphs":true,"m_FxEnabled":true},"in2DMode":false,"pivot":{"x":397.9033508300781,"y":331.5179443359375,"z":144.93499755859376},"rotation":{"x":0.12298469990491867,"y":0.015193112194538117,"z":-0.001884153112769127,"w":0.9923039078712463},"size":568.21044921875,"orthographic":false}